Question #	Question Text	Answer 1	Answer 2	Answer 3	Answer 4	Time Limit (sec)	Correct Answer(s)
1	What is the correct formula for a confidence interval for slope β?	b ± z*(SE_b)	b ± t*(SE_b)	β ± t*(SE_b)		30	2
2	Degrees of freedom for t-distribution in slope CI comes from:	n-1	n-2	Sample size		30	2
3	What does SE_b represent?	Variability of x-values	Standard error of slope estimate	Residual standard deviation		30	2
4	For 95% CI with 23 df, the critical t* is:	1.714	2.069	2.797		30	2
5	Which values are needed to calculate SE_b?	s, s_x, n	r, s_y, n	β, σ, n		30	1
6	A 95% CI of (-0.55, 16.13) for slope suggests:	Positive relationship significant	No significant relationship	Negative relationship		30	2
7	Wider intervals result from:	Larger sample size	Higher confidence level	Smaller residual SD		30	2
8	What does s represent in SE_b formula?	SD of x-values	SD of residuals	SD of slope		30	2