Question #	Question Text	Answer 1	Answer 2	Answer 3	Answer 4	Time Limit (sec)	Correct Answer(s)
1	What three conditions must be met for valid confidence intervals in linear regression?	Linear relationship, constant variance, normal residuals	Random sample, large population, independent observations	Curved relationship, increasing variance, skewed residuals		30	1
2	Which graphical tool best verifies the linearity condition?	Scatterplot of raw data	Residual plot	Histogram of x-values		30	2
3	In the Old Faithful example, what indicated constant variance?	Similar residual spread across duration values	Normal distribution of eruption times	High R-squared value		30	1
4	The sampling distribution of the slope (b) is centered at:	The sample slope	The population slope (β)	Always zero		30	2
5	Which formula calculates the SD of the slope's sampling distribution?	σ/(σₓ√n)	σₓ/(σ√n)	√(σ² + σₓ²)/n		30	1
6	What indicates normality of residuals?	Bell-shaped residual histogram	Straight line in scatterplot	Small p-value		30	1
7	Why check sample size ≤10% population?	Ensure independent observations	Increase confidence level	Validate linear relationship		30	1
8	In 2019 analysis, what's unknown compared to 1995?	Population σ and σₓ	Sample regression equation	Residual distribution shape		30	1