Question #	Question Text	Answer 1	Answer 2	Answer 3	Answer 4	Time Limit (sec)	Correct Answer(s)
1	Which procedure is used to construct a confidence interval for the slope of a population regression line?	z-interval for proportions	t-interval for the slope	chi-square interval for variance	bootstrap interval	30	2
2	What graphical evidence best verifies the linearity condition?	Scatterplot showing random scatter	Residual plot with curved pattern	Histogram of residuals	Scatterplot following a straight-line pattern	30	4
3	To check constant variance condition, analysts should:	Verify residuals have consistent spread across x-values	Ensure sample size > 30	Check normal probability plot alignment	Calculate correlation coefficient	30	1
4	What replaces σ (population SD) in the standard error formula?	Sample SD of x (s_x)	Residual standard error (s)	Mean squared error	Standard error of the slope	30	2
5	The independence condition requires:	Random sampling AND n ≤ 10% population	Normal distribution of residuals	Strong correlation coefficient	Equal x-value spacing	30	1
6	Which component appears in both numerator and denominator of the slope's standard error formula?	Sample size (n)	Residual standard error (s)	Sample SD of x (s_x)	Confidence level t*	30	3
7	A valid normality check for small samples requires:	Perfectly symmetric residuals	No outliers in scatterplot	Randomization verification	Nearly normal residuals with n < 30	30	4